"id","title_id","real_name","character_name","role"
0,0,"Anne Cormier","Ted Herzog","Costume Designer"
1,1,"Jenna Predovic","Paulette Bahringer Sr.","Actress"
2,2,"Dwayne Murray","Susan Goldner","Producer"
3,3,"Lucille Schneider","Benjamin Heathcote","Music Composer"
4,4,"Theodore Klocko","Lindsey Kerluke","Actress"
5,5,"Pam Maggio-Quigley","Lucas Ebert","Cinematographer"
6,6,"Martin Collier","Katherine Predovic","Actor"
7,7,"Dr. Craig Christiansen","Julia Prosacco","Actor"
8,8,"Miss Bethany Klein","Randall Swaniawski","Cinematographer"
9,9,"Jay Durgan II","Lee Hoppe-Koss","Music Composer"
10,10,"Vivian Hermann","Jenna Schaden","Production Designer"
11,11,"Neil Krajcik","Amy Davis","Production Designer"
12,12,"Douglas O'Keefe","Erma Walsh","Producer"
13,13,"Alexander Funk","Juana Schulist","Director"
14,14,"Ms. Beverly Aufderhar","Garry Kub IV","Actress"
15,15,"Adrian Weimann","Elisa Daugherty","Actress"
16,16,"Doreen Sawayn","Faye Beier","Film Editor"
17,17,"Lynn Aufderhar","Dallas Koss","Production Designer"
18,18,"Darin Connelly II","Yvette DuBuque","Director"
19,19,"Rosemary Crona IV","Gayle White","Producer"
20,20,"Larry Boyle","Alicia Altenwerth","Production Designer"
21,21,"Dr. Lionel Hermann","Darrin Kautzer","Costume Designer"
22,22,"Norma Ruecker Jr.","Clyde Cronin","Costume Designer"
23,23,"Margaret Toy","Randal Luettgen","Producer"
24,24,"Lisa Hickle","Marjorie Spencer","Producer"
25,25,"Sophia Emard","Jaime Krajcik","Production Designer"
26,26,"Ms. Kari McLaughlin","Henry Murazik","Costume Designer"
27,27,"Nettie Jacobs IV","Mr. Dwight Christiansen","Costume Designer"
28,28,"Willis Kemmer","Bertha Kovacek","Actor"
29,29,"Paulette Rolfson","Jackie Abshire","Film Editor"
30,30,"Mr. Jaime Lynch","Marilyn Pfeffer","Actor"
31,31,"Dr. Eleanor Bernhard","Joann Reichel","Costume Designer"
32,32,"Kay Lemke Sr.","John Rice-Thiel","Actress"
33,33,"Miss Deborah Goldner","Mr. Troy Stiedemann","Costume Designer"
34,34,"Johnnie White","Iris Bernier","Actor"
35,35,"","Dr. Gregg O'Conner","Costume Designer"
36,36,"Erik Abshire","","Cinematographer"
37,37,"Rosemarie Mayert","Julia Emard",""
38,38,"Miss Carol Kozey","Susan Rosenbaum","Music Composer"
39,39,"Ms. Joanne Lueilwitz MD","Hector Labadie Jr.","Actor"
40,40,"Kate Boyle","Cory Harber DVM","Actress"
41,41,"Mercedes Rath","Mr. Omar Reichert","Cinematographer"
42,42,"Mr. Ralph Miller","Marta Hegmann","Music Composer"
43,43,"Johanna Treutel","Jesus Reilly","Music Composer"
44,44,"Rafael Nader","Viola Stracke","Music Composer"
45,45,"Beth Dicki","Dr. Andy Brekke","Cinematographer"
46,46,"Mr. Tyrone Jacobson","Kendra Koepp","Actor"
47,47,"Morris Langworth","Steve Hand","Screenwriter"
48,48,"Terence Jenkins","Fredrick Mitchell","Music Composer"
49,49,"Hope Nolan","Martin O'Hara II","Production Designer"
50,50,"Wilfred Effertz","Rose Zboncak","Actress"
51,51,"Julio Brakus","Alfred Goodwin","Costume Designer"
52,52,"Reginald Mohr MD","Dr. Stacy Wunsch","Screenwriter"
53,53,"Jerald Collins","Javier Beier","Cinematographer"
54,54,"Tony Rempel","Carlton Nader","Actress"
55,55,"Peter Lindgren","Hazel Wyman","Producer"
56,56,"Marlon Lakin","Robin Halvorson","Film Editor"
57,57,"Mr. Julio Vandervort DVM","Mr. Kenneth Dietrich","Actor"
58,58,"Tommy O'Connell","Guillermo Metz","Director"
59,59,"Ellis Daugherty","Dr. Michele Rice","Production Designer"
60,60,"at laborum cupiditate odio molestias rem omnis consequuntur facilis amet blanditiis cumque doloremque deleniti magni odio nisi enim nesciunt modi earum praesentium ratione dicta modi temporibus error facilis nulla perspiciatis beatae recusandae maiores quidem quod sapiente soluta commodi eos dolorum reiciendis voluptatum quia voluptatibus autem voluptas laboriosam temporibus repudiandae explicabo necessitatibus perferendis quae saepe vero nostrum similique atque repellat iste minus cumque occaecati soluta amet quas amet esse molestias animi vel soluta reprehenderit voluptatem error delectus sit cum voluptatum deleniti ea voluptatibus ad veritatis at dignissimos laboriosam eligendi est quae minima non nisi quaerat excepturi a quis nemo id necessitatibus","dolorum iusto aperiam voluptatem magnam nisi labore accusamus recusandae doloremque veritatis eos amet non possimus corrupti delectus sequi iure id aspernatur quisquam facilis facilis in quasi rerum tempora omnis esse nostrum ea magni excepturi eos excepturi ducimus recusandae vel non error expedita et deserunt unde sed temporibus dolore iste veniam doloremque itaque odio optio aperiam repudiandae nostrum vitae alias quo et quam voluptas sunt quam ipsum quisquam optio vitae ad quasi in cumque ipsa quis sint repudiandae ab dolores ullam numquam accusantium ex aspernatur necessitatibus labore eveniet tempore quos animi earum sunt similique veritatis ad quae accusantium corrupti impedit distinctio","Screenwriter"
61,61,"explicabo accusantium ratione harum consectetur nesciunt illo temporibus ipsum laborum sequi ullam nobis fugiat asperiores assumenda eligendi veritatis sequi accusamus sed maiores consectetur minima dolore dolore id ducimus illum modi officiis corrupti vitae quia magni labore quam consequatur nulla accusamus unde nihil quam corporis incidunt eos eos in cum eos consectetur doloremque explicabo ullam ea adipisci illo consequuntur facere amet facere corrupti numquam adipisci perspiciatis ipsa non ea earum eveniet fugiat quae totam ipsum adipisci adipisci error dolor molestias culpa maiores voluptas accusantium nam veniam hic pariatur dolore corporis totam pariatur eligendi quod cum laboriosam aperiam ex sit veritatis iste","at voluptate modi ullam dignissimos dolor incidunt nisi eos recusandae molestias eveniet magnam eaque aperiam corporis est sunt saepe blanditiis ipsum eius rerum repellendus nemo soluta provident aliquid officiis iusto quae possimus maiores ipsum iste nesciunt dolor assumenda culpa animi consequuntur voluptate animi nemo asperiores ut commodi aliquid illo nemo accusantium laboriosam ipsum illo reprehenderit recusandae sapiente asperiores recusandae nostrum in eum reiciendis provident dolorum totam consequuntur voluptates fugit voluptates voluptatem debitis pariatur odio dolore soluta quisquam accusamus sequi ad recusandae placeat beatae adipisci quibusdam non labore maxime aut totam iste dolorum est ab quam facere dolore amet recusandae temporibus","Film Editor"
62,62,"deleniti dolorem nihil est aperiam dolor velit quas ex ipsam ad quae praesentium labore magnam magnam nam quae et facilis error atque minus perferendis earum reprehenderit alias pariatur mollitia quos ratione earum sed quidem laudantium consequuntur veniam suscipit ab optio excepturi necessitatibus suscipit excepturi repudiandae nobis repellat alias nihil illum odit consequuntur quae similique beatae dicta expedita vel ipsam nostrum voluptatem amet suscipit quod minima cupiditate illum doloremque delectus commodi expedita sequi quam atque quasi voluptas error laborum inventore expedita earum illo consequatur possimus nobis quas aliquam nostrum similique voluptate velit doloribus rerum ea dolorum ducimus similique fugiat officiis placeat","esse provident placeat placeat quibusdam nisi nihil reiciendis eos molestiae velit ullam delectus voluptatibus consectetur quia fugiat sunt ad totam recusandae voluptatem placeat aliquid asperiores maxime iusto animi perspiciatis quibusdam sed sapiente minima nostrum ea rem eligendi maxime accusamus eaque modi ipsa veritatis molestiae dignissimos ut officia velit ex eius laudantium culpa maiores aliquid consectetur totam reprehenderit fuga debitis placeat quaerat consequatur natus maiores ut fuga similique earum provident ad doloribus libero nulla aspernatur modi reprehenderit qui beatae ipsum modi magnam nemo quisquam quasi nihil voluptatem laborum cum ipsam sunt deleniti esse inventore atque facere nam porro iure suscipit dolor","Screenwriter"
63,63,"sunt laudantium quae cupiditate voluptate fugit dignissimos quibusdam quaerat quo quisquam in itaque voluptatem quidem doloremque saepe sed aut magni rem laboriosam accusantium incidunt nesciunt eum debitis voluptate illo repudiandae dolore corporis sint dolorum sit tempora culpa maiores aliquid sunt doloremque sequi aperiam cum aliquid laborum itaque beatae aut autem voluptatem recusandae ad praesentium fuga ipsa alias optio maxime maiores esse quos iusto sed officia esse inventore ex tenetur nesciunt id atque odio dolores in sint tempore quam ut doloribus perspiciatis explicabo velit nobis aliquam eos omnis rerum expedita illum minima dolorem suscipit quod maxime quibusdam animi odio harum saepe","id itaque eum ullam minus modi dicta maiores accusantium excepturi hic omnis eaque laborum debitis repudiandae quas assumenda reiciendis consequatur quam odit eum occaecati consectetur similique possimus in non id soluta sint officiis in recusandae ducimus quod officia quidem soluta inventore totam omnis animi alias quisquam sit tenetur provident aspernatur non nulla ipsa necessitatibus ducimus officiis libero laudantium quidem ab eum perspiciatis ut magnam molestiae sapiente corporis ad delectus nesciunt quo libero cumque reprehenderit dolorum commodi a vitae ab quam dolorem amet quo magni veritatis ducimus harum debitis dicta vel modi id excepturi nam porro voluptate modi soluta asperiores quis","Actor"
64,64,"consequuntur laudantium deleniti nemo aliquam placeat explicabo nobis quasi repellendus doloremque iusto illo beatae minus dignissimos porro nisi voluptas sed praesentium reprehenderit maxime a consequuntur debitis sapiente culpa fugiat praesentium rerum necessitatibus earum cupiditate quaerat et unde earum autem quisquam placeat quidem est labore ratione fugiat sint tenetur excepturi fugiat a itaque quaerat incidunt nesciunt harum ut repudiandae eveniet magnam odio porro cupiditate fugit praesentium ex error sit quos autem veritatis dolor consectetur voluptas sapiente voluptate ducimus accusantium perspiciatis dolores recusandae molestias quaerat aperiam aliquid repellendus in fugit tempora incidunt facere delectus nulla voluptatum sapiente magnam mollitia unde consectetur vel","nostrum quidem iste doloribus quisquam id quidem quae nesciunt aliquid sapiente repudiandae exercitationem eos commodi cupiditate assumenda et accusamus quae sapiente illum ratione maxime dolor exercitationem voluptatibus aliquam dolore pariatur ab nisi fugit animi repellat numquam illo deleniti incidunt incidunt quisquam corporis ut expedita dolores rem ipsam minus atque sequi repellat sit voluptatem fuga nesciunt ad reprehenderit sed voluptatem placeat quisquam veritatis ab eius a cumque eum architecto ratione perferendis quaerat reiciendis velit excepturi quam beatae dolor amet dicta doloribus dolore totam sit consequatur architecto at alias iste aperiam voluptate tenetur temporibus tempora explicabo tempora eum sequi possimus nisi occaecati","Director"
65,65,"provident iusto molestiae laboriosam eos iure alias ut sapiente itaque sint ea praesentium aut consequatur debitis aliquid saepe similique similique quasi nam incidunt molestias perspiciatis earum consectetur incidunt consequatur esse magni laudantium est atque repellendus numquam ad vitae doloribus autem facere ut dolore provident doloribus dolorem nesciunt quo consequatur facere sed fugiat harum placeat consectetur numquam minus occaecati pariatur eaque quas cumque odio nulla quam perferendis blanditiis perferendis sapiente unde nostrum accusamus nesciunt neque assumenda quo dignissimos perferendis cupiditate illum odit quod officia iusto eveniet harum error dolore voluptatum odio aliquid quae fugiat magni alias a possimus ipsam ea laborum","deserunt perspiciatis saepe iusto exercitationem sapiente dolorem nostrum nemo alias quasi dolor harum dolorum officiis necessitatibus excepturi occaecati cum eius quam eveniet ea in enim tenetur atque nostrum fugit nisi similique dicta illo velit debitis non minus quia odit laborum corporis velit perspiciatis nam animi deleniti veritatis nam consectetur adipisci consequuntur corrupti laboriosam quisquam vel deserunt atque asperiores quasi nobis repellendus fugit vitae inventore asperiores reiciendis fugit corporis porro molestias sint ex tempore quidem perspiciatis recusandae consequatur magnam voluptatibus delectus aliquam odit optio laboriosam expedita et rerum blanditiis soluta sunt consequatur molestias dolores consequatur assumenda repudiandae rem dolorem blanditiis quia","Producer"
66,66,"ipsam minima sit unde corporis maxime aperiam sequi libero inventore itaque vel cumque cum consequuntur saepe voluptatum nemo doloremque fugit culpa accusamus quas id nihil labore laudantium rem nisi inventore sint praesentium fugiat vel praesentium fugiat non officia aperiam eos sint eligendi repudiandae reiciendis rerum enim sit harum ullam commodi quibusdam pariatur at esse libero perferendis laborum nostrum iusto assumenda sed quasi soluta facilis repellendus accusamus quidem repellendus possimus molestias consectetur suscipit eveniet ex iure dignissimos alias a harum repudiandae repellendus non vitae molestias eveniet perspiciatis numquam consequuntur modi fuga minima officia reiciendis laboriosam voluptas facere quos ut beatae nulla","labore explicabo ratione quas sunt tempora molestias sapiente ab saepe officia aperiam atque aliquam eveniet nobis porro in quam inventore mollitia reiciendis numquam eligendi non nobis earum expedita vero mollitia sunt esse ad culpa doloribus quia iusto voluptas corrupti dolorum cumque ullam tenetur consectetur quae minus rerum quas quod fugiat quaerat accusantium perspiciatis at totam hic vero voluptas aperiam ad in deleniti dolores cumque esse veniam nisi recusandae vero repellendus corrupti iste tempora beatae exercitationem deleniti nemo cupiditate porro expedita blanditiis quo architecto sequi sit velit perferendis maxime harum nobis ex ea esse numquam maiores quo cumque alias nemo provident","Director"
67,67,"animi perferendis rem perspiciatis soluta esse officiis iusto maxime distinctio quisquam natus quidem quos sed vitae vero similique possimus quidem nostrum impedit et unde quae ab veniam maxime corporis quo pariatur perferendis fugiat quas amet suscipit libero iusto voluptate veniam accusantium libero tempora ea consequatur quia harum ut delectus nam vero commodi impedit libero molestias quae incidunt dolor id nihil culpa aperiam deserunt vitae illum molestias dignissimos ullam iusto facilis soluta corporis esse veniam dolore libero dicta mollitia laudantium esse suscipit omnis et ut consequuntur aliquid natus alias nemo delectus eligendi error magnam consequatur eaque nulla debitis cumque nobis non","officia repellendus itaque animi officiis optio maiores voluptatibus voluptas alias quis modi eum natus amet iste aliquid temporibus recusandae possimus doloribus possimus velit nam natus facilis eveniet porro possimus assumenda dolorem optio suscipit cumque repudiandae doloremque ad quidem fuga odio magnam repellat quo architecto cum aperiam iusto impedit quasi consectetur ullam eveniet doloribus corrupti corporis dicta veniam quibusdam eum temporibus itaque est quos veniam ad similique a id distinctio aut inventore cumque laudantium illo iste unde totam quaerat perferendis quas minima iusto vitae corrupti deleniti occaecati temporibus voluptatum doloribus nam esse nisi facere porro possimus tempore nemo corporis hic omnis","Costume Designer"
68,68,"voluptatem temporibus rerum earum magnam omnis dolorem voluptatem praesentium doloremque quam quidem iure sint ut nihil illum officiis commodi nobis at modi cumque quibusdam vero natus molestias rerum dicta dolor dignissimos et beatae est architecto praesentium eum accusamus dignissimos minima atque occaecati sed sequi quas nulla minima magni odit perspiciatis ut corporis ut necessitatibus alias magni ipsa neque enim dolore consequatur ex maxime error repellat neque cum fugiat iure ut sequi facere earum optio explicabo voluptates enim expedita repellendus quibusdam distinctio tempora neque eos sint nostrum corporis necessitatibus vitae magni nulla officiis aliquid neque maxime nam et blanditiis excepturi aliquam","consequatur aspernatur delectus esse nulla alias rerum accusamus ipsa illum saepe quae ab non itaque id iure excepturi velit repellat illum quam ipsum quia quo eos a odit repellat quam totam suscipit quas eos perferendis rem aspernatur rerum nostrum modi nemo blanditiis voluptatibus vitae earum quo dolor laborum consequuntur totam quam soluta quidem ex vel nesciunt tempora ut quae mollitia accusantium non a ex dignissimos perferendis impedit quia accusamus nulla veniam voluptas eligendi doloribus numquam a sequi accusantium quod fugit veniam odio iste libero officiis magnam culpa at quo voluptas voluptatibus reprehenderit sed fuga nisi eum molestiae dolorem ut beatae","Producer"
69,69,"unde ipsa non repellat exercitationem pariatur odit beatae nihil distinctio iusto deleniti consequuntur explicabo dolorum vitae reiciendis quam itaque eum eum praesentium optio culpa doloribus placeat eos nemo unde iste consectetur quos magnam at fugit incidunt quam veritatis aliquam voluptates voluptatem sint inventore deleniti sit odio vitae a at quisquam maiores molestiae nulla cupiditate magni eius veniam voluptate modi alias nemo voluptatem occaecati officiis eius nisi cum fugiat saepe doloribus nulla quia at odit quam aliquam aliquid vel nihil dolorem nisi ullam numquam perferendis in aspernatur illo animi doloremque voluptatum non illo alias quasi atque quo fuga nemo sed molestias","deserunt hic natus ad dignissimos in earum voluptas pariatur magnam eum odio dolorum molestias quisquam explicabo voluptatem rem impedit fugiat consequatur aspernatur aperiam enim earum ipsum veritatis magni corrupti a itaque laborum quam ex consectetur nihil assumenda deleniti cupiditate ipsam quae occaecati quidem exercitationem nostrum corporis doloremque et repudiandae autem repellat at officia est ipsum est eaque ad ullam enim odio ipsam tempore laboriosam iste ex sapiente ad corporis minima quaerat voluptas id eligendi possimus possimus repellat sint libero repellat necessitatibus quas quibusdam laboriosam quis beatae expedita suscipit voluptatibus natus error ad ullam inventore dolores in pariatur impedit nam sequi","Costume Designer"
70,70,"nulla id neque laudantium voluptatibus consequatur expedita rem quae debitis molestiae sint eligendi ut consectetur vero deserunt voluptatibus officia assumenda harum quasi mollitia magni quae molestias voluptatibus distinctio voluptates odit aliquid totam ad eum enim sequi iure reprehenderit explicabo amet dolore ad cum corrupti iusto laborum et provident consequuntur et laborum animi vero dignissimos voluptatem minus eum perspiciatis nam praesentium eos fuga est consequatur magnam dolore voluptate quod voluptatibus corporis vel fuga omnis nostrum veniam voluptas est dolor qui natus necessitatibus quis cum reiciendis non commodi numquam quidem accusamus soluta architecto quae cumque assumenda eaque quibusdam blanditiis quisquam doloremque dolore","perferendis necessitatibus consectetur iste quidem modi neque iure ab magnam aliquid laudantium consequatur repellat iure dolorum sunt reprehenderit temporibus blanditiis aliquam sit cupiditate labore aut eius dignissimos nostrum voluptate occaecati nostrum perspiciatis id sunt commodi reiciendis quasi consequatur consequuntur reiciendis similique accusantium dolorum sed repellendus doloribus hic iure atque minima tempore libero placeat nulla consequatur accusantium totam iste tenetur fugit maxime non suscipit facilis recusandae voluptates excepturi facere sint hic eveniet velit nihil sit repellendus deserunt provident nostrum voluptatum odit optio eos rerum corporis corrupti doloribus fuga repudiandae qui modi at consectetur quos modi eius facilis laboriosam repellendus quod suscipit","Actor"
71,71,"id odio laborum nemo incidunt aut ratione libero sit totam non sapiente laboriosam provident provident consequuntur culpa eveniet enim quod quod iusto culpa autem dignissimos quaerat rem tempora sunt non deleniti ab aliquam animi totam minima magni facere minima magnam quis officiis perspiciatis asperiores quaerat tempore at optio consequatur possimus occaecati qui corporis ipsam quod saepe iste dolorum impedit vel illo ipsa ab placeat neque expedita occaecati necessitatibus aliquid hic quaerat error culpa quae dolorem similique officia id architecto ea possimus vero suscipit voluptates eos commodi officiis dolores praesentium tempore saepe harum similique ipsum at maiores aperiam animi quam quibusdam","explicabo dolore odio molestiae asperiores facilis enim eius commodi sint tenetur at quibusdam adipisci rerum iusto perspiciatis placeat corrupti sit assumenda consectetur eum at nihil tempora cumque ex corrupti eum ipsam pariatur dignissimos tempora soluta id natus voluptatibus officiis doloremque placeat deserunt tempora fuga odio necessitatibus soluta commodi velit deleniti quae ex sequi reprehenderit dolorum ut expedita veniam exercitationem magni deleniti illum mollitia totam quis aperiam totam iure cum nam quis voluptatibus rerum in ducimus veritatis error architecto dolorum sunt odio numquam necessitatibus velit mollitia assumenda minus est blanditiis expedita doloribus voluptate libero impedit rerum fugiat voluptatem a voluptate natus","Actor"
72,72,"recusandae veritatis officia sapiente libero dolorem labore reprehenderit nulla veniam deserunt corporis dolorum incidunt maiores animi molestiae veniam esse laudantium quae expedita rem architecto et architecto dolorem rerum tempora officia enim odio natus explicabo officia optio soluta quibusdam mollitia excepturi quia molestiae molestias labore neque odio quisquam tempora nihil recusandae error ducimus ullam dolore odit cupiditate exercitationem occaecati recusandae perspiciatis aliquid odit doloremque tempore aut iusto velit numquam consequuntur dolore perspiciatis deleniti similique expedita ea maiores dolorem neque recusandae et inventore eius velit autem quod at ad praesentium asperiores repudiandae soluta dolore tempore suscipit accusamus nulla ullam tempore ipsam consectetur","sit ut minus earum at accusantium debitis ab assumenda nesciunt hic vitae temporibus deserunt sit doloremque sapiente est doloribus asperiores repellat ex fugit adipisci ullam nam eum quidem fuga ipsa maiores quae vero fugiat sequi recusandae nemo quibusdam veniam architecto ipsum possimus modi praesentium doloremque distinctio expedita atque in molestias at praesentium incidunt autem ipsa error quos nemo eos quae laboriosam deleniti quos saepe odit beatae quidem adipisci nihil eius at hic eos ab omnis veniam odit facere quaerat voluptate voluptatem nesciunt quis repellendus neque exercitationem tenetur consectetur aspernatur facilis distinctio natus aspernatur alias beatae repellat voluptates similique praesentium blanditiis","Production Designer"
73,73,"aspernatur et occaecati consectetur molestias ducimus quaerat nostrum quisquam quisquam animi iste expedita sit voluptatum exercitationem tempore inventore nemo quasi quasi molestias voluptatibus voluptas unde porro cumque quae iusto ratione illum dolorum veniam doloremque laborum recusandae incidunt esse voluptates rem dolore quasi odio quam commodi distinctio at veniam alias eius quibusdam veritatis praesentium asperiores cum alias molestiae sapiente beatae nobis magni voluptatem beatae voluptatem minima dolore porro placeat quos sequi quo odit beatae inventore rem magnam rem sint eius ducimus culpa consectetur facilis at aperiam voluptatem eius atque assumenda voluptate ipsum laborum perspiciatis facilis aut commodi sit impedit animi beatae","in iste neque nostrum ab harum ad delectus impedit quidem voluptate aspernatur incidunt cupiditate consequuntur voluptates aliquid quis repellendus sed tempore mollitia recusandae perspiciatis fugiat mollitia dolorem ratione aspernatur quae aspernatur delectus veniam nulla quae reprehenderit quam facere ipsam iure doloremque excepturi quae expedita voluptatum ipsam eligendi voluptatibus amet numquam voluptates corporis doloribus eos enim dolores aliquam aspernatur nisi soluta quia et quam aut perspiciatis at odio doloribus itaque omnis eligendi dolore voluptatum ut sed atque reiciendis in sint temporibus deserunt fugit ipsa sapiente dolore optio debitis nam repellat dolorem similique rem dolorem sit animi porro fugiat quasi iusto voluptatum","Film Editor"
74,74,"consequuntur quo aliquid voluptatem consequatur voluptates deleniti enim debitis voluptate fuga quisquam deleniti quae saepe est praesentium perspiciatis quasi cumque voluptates omnis eaque quia tempore nulla saepe sequi corporis non ratione ratione consectetur vitae in consectetur esse quas id harum corrupti autem nostrum maxime ipsum nemo expedita cupiditate non fugit quasi placeat doloremque quidem voluptatem vel facilis debitis esse cupiditate maiores molestias accusantium expedita minima ea ut delectus cumque explicabo atque aliquam nobis corporis et ipsam eaque sapiente incidunt expedita asperiores nostrum optio cum provident ad atque non maiores est voluptas aspernatur velit labore sit reprehenderit facilis quaerat labore ab","voluptas ipsum quos aliquam impedit totam inventore facere ex facere ducimus aspernatur est qui est amet saepe vero mollitia excepturi perspiciatis consectetur ad fugiat nisi expedita delectus consequuntur consequatur dolore fugit sit aliquam tempora consequuntur modi quo sequi eos dolorem et hic delectus ratione voluptatem ullam quae totam debitis ratione dolorum architecto in modi iusto iure enim itaque numquam quo nihil reiciendis amet accusamus dolor repellendus eveniet architecto beatae delectus aperiam laudantium ut nostrum iusto ipsa magni fuga eveniet quae a repudiandae cumque similique earum fuga laborum atque enim accusamus nisi veritatis quidem veniam id blanditiis et modi aliquid fugiat","Costume Designer"
75,75,"iste impedit alias ab voluptatibus laboriosam recusandae sit iusto ratione quis cum ea error iste reprehenderit temporibus ullam commodi earum vel similique a nam assumenda illum qui error et officiis minus voluptatibus quibusdam suscipit itaque dolorem beatae voluptatibus vero rerum qui voluptates quos aperiam veniam maiores incidunt earum omnis blanditiis hic ducimus facere pariatur repellat cum tempore voluptas modi maxime odit non accusamus maiores id saepe provident ad rem eligendi officiis saepe eveniet non mollitia in libero alias autem molestiae expedita voluptate tenetur neque inventore nam consequuntur molestias voluptatem fugiat doloremque dolorum doloremque ipsum expedita laboriosam cupiditate fuga quisquam ea","quisquam sit repudiandae voluptas sint fuga error omnis qui pariatur distinctio ut debitis perferendis tenetur ex quis culpa repudiandae non quasi nisi accusantium quae magnam laudantium atque aliquam necessitatibus voluptate quo architecto consequatur aut dignissimos sit quaerat reiciendis saepe nam omnis nobis in nihil officiis veritatis necessitatibus omnis ipsam asperiores odit nobis dolores veniam debitis sapiente sequi exercitationem doloremque eos earum quod dolore voluptas corrupti similique neque reprehenderit accusamus sed asperiores magnam nisi sint explicabo modi aliquam fugit tempora eos fugit nisi saepe accusantium adipisci molestias ex quibusdam consequuntur quas odit minima dolore omnis reprehenderit quaerat quod labore aliquam deleniti","Production Designer"
76,76,"nam quos rerum vel earum molestiae repellendus in aut nihil voluptas possimus ratione dolorem recusandae quod molestiae ratione accusantium doloremque repellat accusamus sint natus debitis inventore nesciunt fugiat deleniti eligendi fuga totam eveniet nam illum vero consequuntur sit asperiores odio autem optio dolorem aliquam aperiam numquam exercitationem animi inventore distinctio ipsa at expedita adipisci occaecati at ab sequi quibusdam animi perspiciatis at porro temporibus magnam numquam nostrum eligendi qui blanditiis ea quibusdam nihil corporis vero alias sed vel aperiam at corrupti modi natus rem vel dolorum distinctio beatae aliquid blanditiis laudantium totam modi numquam harum sed facere officiis mollitia iure","possimus sed natus nemo molestias rerum vel blanditiis pariatur maxime quam totam modi necessitatibus praesentium occaecati quae voluptates fugiat recusandae fuga minima odit sint voluptatibus eveniet voluptatibus rem explicabo repellendus impedit vitae veritatis dolorum consectetur aliquam rerum accusantium dicta assumenda fuga quibusdam voluptas est laudantium inventore sed eveniet totam consequuntur animi ullam excepturi officiis ad sed error iste doloremque nostrum omnis tempora quisquam unde suscipit deserunt expedita voluptas sit eligendi nihil commodi quasi consequuntur sit animi esse accusamus deleniti maiores ducimus dignissimos reiciendis excepturi laborum cumque neque magnam distinctio recusandae itaque labore libero consequatur consequatur eos quidem dolorum quidem quam","Cinematographer"
77,77,"dolorum saepe officiis at veniam nobis dolorem vero quaerat similique soluta debitis nostrum veritatis ut mollitia asperiores molestiae ducimus veniam nisi aut iusto tempore excepturi consequuntur quidem amet earum necessitatibus quaerat blanditiis illum labore hic eveniet quasi ducimus ad totam nesciunt nesciunt rem debitis non id enim veritatis beatae occaecati pariatur consectetur fugit reiciendis sed officia provident nulla alias optio fuga natus ullam inventore molestiae ut iure qui consectetur nihil magni ipsa dicta commodi ullam tempore magni culpa sed necessitatibus quo deserunt vitae odit eum saepe vero molestiae temporibus odit fugiat dolorum eos laboriosam tempora odit odit vitae maxime perspiciatis","dolorem amet nulla autem quas velit quidem deserunt voluptatem cupiditate cumque repellendus reprehenderit at animi neque magnam ipsum odio sint id reprehenderit exercitationem ex aliquam doloribus accusantium dignissimos nesciunt quos possimus rem ratione sed repellat officiis veritatis libero sint illum ducimus praesentium unde quae suscipit consequuntur incidunt doloremque alias ab eos temporibus quisquam adipisci animi nobis rem sequi atque autem saepe excepturi non quisquam unde enim qui excepturi distinctio quod vero perspiciatis expedita placeat quo exercitationem reiciendis perspiciatis praesentium ullam natus eveniet numquam recusandae quia ducimus possimus at quaerat laboriosam temporibus ut vitae autem excepturi nostrum quod est porro labore","Music Composer"
78,78,"veniam quae voluptatibus saepe facere mollitia repellendus dolorem explicabo nesciunt ex optio deleniti nisi in velit quos ullam odit nemo odio minima doloribus quibusdam tempora incidunt eum expedita corporis corporis voluptatibus saepe sit facere soluta magni vitae cumque repudiandae maiores quidem consectetur ullam aliquid amet recusandae vero rem ex modi sed aperiam fugiat laboriosam velit natus quisquam aspernatur odio praesentium natus totam odit aperiam iusto earum hic at adipisci id maiores voluptatem placeat accusamus ratione quos modi nulla a voluptate blanditiis odio ea quis odio dolor dicta iure minus non fugiat explicabo asperiores saepe dolores est sunt exercitationem repellendus quos","fugiat eius consequatur magni aperiam sint temporibus consequatur eum dolorem sit reprehenderit provident quam veritatis libero aspernatur ea unde corrupti pariatur tempora aliquid mollitia atque facere ad illo illo error fuga numquam dolor magni enim blanditiis amet commodi deleniti occaecati exercitationem doloremque excepturi perferendis magnam suscipit corrupti deleniti assumenda quae officia sed eaque quis illo sint corrupti doloremque vel officiis fugit blanditiis tempora accusamus optio esse soluta cumque ad ea deleniti numquam reprehenderit itaque ducimus fuga sequi aut eligendi tenetur recusandae reprehenderit voluptates enim dolorem cumque iure aspernatur neque modi mollitia a voluptatibus dolore aspernatur impedit sapiente quas assumenda exercitationem","Producer"
79,79,"mollitia commodi neque dolores iusto beatae odit est ad iure eos odio debitis pariatur eaque ex omnis ad ut eligendi voluptatibus beatae enim odio unde ducimus enim consequuntur voluptatem tempora aut veritatis nostrum facere eligendi quo earum ex fuga cupiditate enim nemo maiores iusto animi maiores tempora similique quasi et architecto nobis suscipit inventore dolorem odio delectus assumenda quasi error repellat illo dignissimos excepturi eaque unde vero placeat quam suscipit labore consequatur veniam nobis excepturi odio similique odit iste incidunt hic tenetur ipsa corporis est illo vel quo placeat quaerat dolore cupiditate deserunt voluptate sit nihil delectus laudantium ea officiis","minima ipsam deleniti neque eius illo tempore enim necessitatibus incidunt nam porro unde veritatis mollitia reprehenderit nam eveniet perspiciatis porro quidem dolorum sint assumenda nemo necessitatibus voluptatem cupiditate iure voluptas modi earum sunt reiciendis hic quo vitae quas qui ex dolor facilis illum quaerat aut accusantium tenetur officia repellendus veniam doloremque explicabo natus possimus quidem nisi doloremque et eum quod tempora quibusdam eius reprehenderit necessitatibus soluta quam dolorem iste perspiciatis placeat ipsum nesciunt ad minus porro quos pariatur temporibus alias recusandae corrupti autem velit ad suscipit sint labore iste assumenda iure quo facere ratione minus perferendis vitae consequatur aut soluta","Film Editor"
80,80,"aperiam corrupti eos repellat consequatur nihil magni quod aut ducimus repellat molestias dolorum a magnam consequuntur iusto cum alias ipsam adipisci similique corrupti mollitia rem veritatis architecto consectetur molestiae tenetur explicabo dolor fugit mollitia dicta nam voluptatem debitis sequi doloremque omnis unde incidunt impedit expedita pariatur ad alias enim voluptatum illum doloremque tempore laboriosam quibusdam voluptate natus dolorem eligendi est vero eaque dolorum consequuntur iste aspernatur animi quidem pariatur itaque illum provident facilis consectetur eaque dicta libero iusto ullam optio vero doloribus ea officiis quibusdam numquam quam vero sit deleniti sapiente commodi nulla accusamus non laudantium eaque voluptatum impedit natus","id saepe at nemo at sequi exercitationem asperiores unde cupiditate architecto perspiciatis deserunt quaerat earum culpa explicabo mollitia aliquam perferendis dolor reiciendis ipsum quod dolorem placeat quae impedit repellendus esse cupiditate aspernatur quasi dolor ipsum nisi rem ab sed quibusdam aliquam consectetur ratione aliquam incidunt accusamus nulla tenetur amet error similique architecto commodi dignissimos rerum laborum neque cum similique beatae aliquid magni asperiores sequi culpa voluptatem quia impedit voluptatum officiis dolore necessitatibus unde veniam veritatis provident ducimus eveniet porro rerum deleniti illo tempore odit ad velit rem iure aspernatur architecto alias temporibus velit qui nesciunt ratione cumque maxime expedita ut","Actress"
81,81,"ad voluptas itaque laborum doloribus excepturi sed assumenda laborum voluptatibus voluptate quod maxime deleniti repellat veniam ipsa velit voluptatibus a fugit eligendi provident in molestias quidem quas officiis modi fugit repudiandae temporibus rerum sed alias iste alias odit totam officiis eos consectetur dolores in tenetur atque magnam repellendus iusto accusantium quibusdam officiis sapiente veritatis ipsam quaerat tempora eos soluta ullam delectus asperiores eos consectetur consequatur sed reiciendis iusto dolore illum ipsa harum deserunt sunt facere dicta ipsam a similique eaque architecto exercitationem corrupti eaque exercitationem amet nesciunt neque pariatur odio iste nesciunt molestiae qui voluptate quam ex omnis natus harum","tempora vel exercitationem ratione nostrum ut dolorum numquam molestias blanditiis accusamus iusto cum minima mollitia eos cumque enim nulla maiores ipsum tempore repudiandae expedita adipisci magnam rerum dolor et aliquam nesciunt quos assumenda quia consequuntur similique non ipsum recusandae harum earum fugiat aut a aspernatur natus ad excepturi ipsum nostrum unde esse iusto cumque a veritatis reiciendis iure quae incidunt pariatur sed rerum consectetur cum possimus sint occaecati omnis odit amet magni porro blanditiis voluptas atque officia explicabo iusto dolor corporis fuga cupiditate explicabo quidem velit autem et debitis voluptatibus ipsam tenetur ex aspernatur consectetur quo reiciendis vitae exercitationem similique","Cinematographer"
82,82,"repudiandae deleniti distinctio quia quia mollitia ipsa dolorem aut quis totam incidunt nemo inventore vitae ipsum praesentium dicta veritatis fugiat modi quam consectetur quos dolores repudiandae sint quisquam sequi necessitatibus molestiae aut id deserunt sequi excepturi laboriosam libero incidunt dignissimos provident rerum officiis nemo dicta quam dolore quos voluptates consectetur occaecati accusamus architecto quia ipsum vitae officiis quasi mollitia laboriosam repellendus laboriosam maiores architecto laborum quod quod modi saepe nobis molestiae nesciunt repellendus inventore dolores vero at quisquam hic nemo maxime soluta molestias quas ut quaerat atque fuga maxime sapiente sed dolores mollitia sequi quo omnis quas fugiat odio quod","atque quas perspiciatis totam ipsam non occaecati sint blanditiis quis eligendi nostrum asperiores tenetur veritatis voluptatem molestias consequuntur tenetur quos aperiam dignissimos ut nam doloremque eius quos magnam quam voluptatibus quas nostrum ducimus non rem illum inventore quam nemo nam est quisquam culpa vero laborum blanditiis eos ipsam incidunt dolores modi explicabo nisi atque a illum velit facere sapiente facere laborum ducimus itaque quaerat minima fuga veritatis accusantium minima voluptas ex adipisci maiores accusantium ipsa in error nostrum reiciendis culpa tenetur consequuntur quisquam illum mollitia nisi assumenda laudantium libero error possimus impedit nihil dolorem aliquid sed consectetur animi eos ab","Screenwriter"
83,83,"sed harum vero hic sapiente saepe commodi occaecati blanditiis magnam iure exercitationem aliquam repellendus occaecati incidunt odit eum at debitis ab aspernatur adipisci dignissimos totam fugiat quod odio dolores quas aut officiis unde iste porro iure aut odit porro consequuntur et nam in dolorum harum excepturi saepe reiciendis vel voluptas veritatis qui totam laborum maxime ipsa fugiat ad dolore dicta beatae neque beatae voluptas amet magni in distinctio illum quibusdam perspiciatis voluptate eos quod earum quisquam molestiae ipsum nam deserunt accusamus maiores quasi dolore architecto debitis tenetur eum numquam quisquam ex aperiam blanditiis inventore vero exercitationem autem ullam nemo praesentium","nihil amet inventore provident beatae quibusdam dolorem similique quia atque omnis facilis aperiam esse culpa magni quis ipsum repellendus corrupti aliquam libero non totam pariatur explicabo nesciunt unde iure debitis blanditiis aliquid ea distinctio incidunt totam voluptatum repellendus fugiat iste adipisci recusandae repellendus optio sapiente assumenda repellat eligendi consequuntur corrupti animi eius voluptas repudiandae odit iusto ducimus aspernatur deleniti labore eligendi eos consectetur officiis inventore quibusdam architecto dolorem error laudantium numquam quam magnam totam animi eligendi cum eius ea culpa laudantium accusamus itaque veritatis dolor fugiat dolore cum distinctio consectetur est sequi officiis doloribus aliquam illo qui delectus eos iste","Music Composer"
84,84,"deserunt cum ipsam saepe dignissimos ducimus doloribus blanditiis voluptates pariatur quasi nisi soluta quae necessitatibus minima dolor delectus velit quas voluptatem ipsa placeat ut occaecati laborum natus rerum quibusdam assumenda accusamus dolores nesciunt quis laudantium explicabo laudantium temporibus placeat libero reiciendis enim nam veritatis impedit soluta ea voluptatibus atque doloremque alias et ratione sint ipsa culpa quis molestias saepe illo omnis quibusdam unde veniam quasi at architecto cum accusantium sint rem numquam repudiandae velit voluptas omnis exercitationem est quia voluptatibus inventore dolorum quo adipisci expedita magni nihil et neque ex labore numquam occaecati quam explicabo exercitationem aut cupiditate unde corrupti","alias atque velit excepturi nam ipsum voluptatum consequatur tempora repellat quam quisquam blanditiis expedita autem quidem nemo tempore reiciendis sequi minus laboriosam asperiores at ex voluptatum eum unde cupiditate ut neque provident hic iste ipsum autem qui assumenda quaerat rerum quasi neque consequatur eum eius cupiditate ea cumque alias quae aspernatur doloremque optio omnis beatae eum enim odio deleniti blanditiis dignissimos alias omnis facere dolorem ut ipsum doloribus perspiciatis nam modi aliquam odit ab nobis quasi culpa numquam labore assumenda ullam voluptate voluptas facilis adipisci maiores ex ratione maxime vitae hic omnis veritatis id officia est alias ad fugit sit","Film Editor"
85,85,"nesciunt consectetur veniam doloremque vel ad illo ipsum qui hic quasi qui veniam eligendi iste voluptatum debitis sed repellat voluptas velit similique iure perferendis cum dolorem quia accusantium sequi consectetur corrupti saepe quos quaerat architecto accusantium exercitationem quasi quos architecto ipsam iste sunt porro pariatur consequatur quisquam ipsum veritatis explicabo accusamus ipsa tempora atque quia consectetur a magni esse quo repudiandae ipsum odit itaque nesciunt expedita fugit ullam occaecati blanditiis veniam autem ratione voluptatum ab quos quos cumque beatae maiores id tempora repudiandae a voluptas ea soluta illum laborum ratione officia minima vero adipisci mollitia ullam culpa ad nobis unde","modi nam itaque sint nemo voluptatem sed maxime quas ut omnis voluptatum quos quis consequuntur deserunt tenetur vero eaque eveniet quam ipsa at dolore dicta quia cum animi quisquam odit voluptates quasi fugit sint iste fugit cum et nihil eligendi nesciunt provident voluptatibus nemo maiores voluptatem sequi voluptates dicta corporis labore magni et eos accusantium voluptatibus at perferendis quos reiciendis molestias libero excepturi impedit accusantium non dolore molestiae blanditiis quas quas maxime aperiam at minima veniam repellendus quas porro consectetur minima illo consequuntur velit fuga autem vitae quos quidem aliquid assumenda soluta eum pariatur occaecati deleniti quibusdam deserunt nulla corrupti","Actress"
86,86,"similique quisquam earum veritatis eos nemo assumenda ex quam quisquam adipisci itaque ratione sunt quas hic aliquam maiores itaque mollitia nobis rerum reiciendis laudantium laboriosam provident ea commodi deleniti cum asperiores quibusdam itaque est nemo facere praesentium dolorum doloribus praesentium sunt maiores impedit perspiciatis laborum praesentium dolores inventore mollitia cumque porro voluptas inventore eligendi explicabo accusantium enim voluptas recusandae tenetur sit fugit quam amet temporibus velit magni ducimus neque consequuntur maiores doloribus saepe quam provident esse distinctio ullam reprehenderit aliquam nostrum quasi fuga quibusdam tenetur animi in ratione at eaque mollitia sunt necessitatibus exercitationem et dolor atque commodi sit repudiandae","modi atque rem optio est quasi officiis rem excepturi quis soluta amet earum dolores nihil laborum ad officiis tempore facilis dicta itaque non ut maiores nam recusandae suscipit ullam a aspernatur distinctio et velit quidem saepe animi voluptates quasi fuga omnis qui ex laboriosam reiciendis atque ducimus saepe adipisci dicta possimus facere magni voluptate minima perferendis similique similique numquam aspernatur voluptatum soluta incidunt corrupti quam nisi aperiam blanditiis quis doloremque tempore repellat aut sequi iure consequatur blanditiis voluptates in tempore dolore modi velit ea ipsum nostrum sapiente excepturi quos ex velit consectetur odio nihil impedit tempora magni quasi accusamus corporis","Production Designer"
87,87,"est ab iste amet commodi ab maiores fugiat laborum ipsum illo beatae explicabo exercitationem nisi in doloremque mollitia quo magni odio ipsam neque quo dolor blanditiis necessitatibus repudiandae voluptate maxime dignissimos nulla quasi maxime necessitatibus iste possimus sit maiores a illo inventore non fugit dolores voluptatem laboriosam veniam praesentium suscipit veritatis rerum eligendi tempora modi esse nobis dolore eveniet est dicta quisquam velit accusamus deleniti vel reprehenderit perferendis perspiciatis totam nesciunt quia a itaque fugit adipisci aut repellat a rerum corporis animi nihil dolores ea consequatur voluptatem animi doloremque nisi temporibus aliquam quaerat tempora sed dolore illum distinctio illo corrupti","veniam dolore veniam deleniti nobis dolor unde molestias reiciendis sunt tempora ut vero corrupti et molestias delectus eos animi impedit quis eveniet accusantium autem facilis error praesentium quis dolore vel omnis ab provident eveniet quidem cupiditate sed natus sit cum architecto earum earum exercitationem quidem quas voluptatum inventore quisquam vitae doloribus illum officiis soluta repellendus neque quam labore praesentium repellendus cupiditate mollitia atque culpa laboriosam iusto temporibus animi quaerat natus culpa ipsam adipisci veritatis occaecati modi reiciendis corrupti neque voluptatum illum consequatur soluta natus possimus enim temporibus eum voluptas natus accusamus facilis fugit perferendis accusamus dicta earum nemo omnis ex","Film Editor"
88,88,"mollitia libero officia neque optio temporibus expedita saepe magnam temporibus ipsam similique sapiente est tenetur amet necessitatibus beatae cum itaque ex iure asperiores similique vero ducimus fugiat cum aperiam explicabo dolore distinctio aut maiores in dolorem esse repellat nisi exercitationem officiis incidunt quam sunt cupiditate autem iusto quis provident rem nam a pariatur ut laudantium aliquam saepe exercitationem nobis autem deserunt magni incidunt ducimus temporibus expedita non dolor pariatur id quo cum nisi facere deleniti perferendis aliquid beatae et harum possimus deserunt eius ipsam provident reprehenderit id ea incidunt nisi eligendi laudantium vitae ad corporis corporis illum libero minus voluptatem","fugit corrupti reprehenderit vero maxime rerum consequatur dicta placeat perferendis veritatis ducimus accusantium incidunt similique culpa temporibus eum recusandae illum atque laborum dicta deserunt hic excepturi optio fugiat ipsam sequi porro nemo cupiditate vel maxime consequatur quidem eveniet molestiae alias explicabo sapiente voluptates dignissimos delectus rerum minima pariatur qui accusamus esse vel soluta mollitia quod aspernatur placeat iste vero voluptates unde quo ea ad necessitatibus voluptatem expedita dicta eaque officia laborum aliquid deleniti deleniti adipisci id harum veritatis maxime accusantium perferendis commodi recusandae explicabo ut accusantium vero nisi natus quibusdam minima suscipit fuga sapiente tempore quis laudantium perspiciatis dicta quos","Producer"
89,89,"officiis voluptas dolores nostrum soluta ipsa saepe enim magnam dolores deserunt dolorum mollitia adipisci soluta alias doloribus in minus sunt quo tenetur laborum doloribus magni temporibus deleniti optio nostrum at maxime voluptatem dolorem molestias dolore dolore sed deserunt quas cumque voluptates quo nobis atque dolor numquam minima saepe officiis tempore dolor assumenda repellendus quasi recusandae quia facere earum veritatis officiis consequuntur quaerat voluptates praesentium dolores nemo consequatur consequatur ut quae esse exercitationem quas fugit asperiores impedit libero officiis laboriosam aut vel assumenda perferendis nulla consequatur unde ea unde quae fugiat animi quis distinctio possimus quam laudantium quod optio ut laborum","recusandae ex aperiam veritatis officiis ullam rerum dignissimos nihil at quae odit rerum libero facilis non sint neque omnis suscipit deserunt dolor optio debitis fuga mollitia aspernatur iste dolor eligendi quaerat est voluptatem dicta modi harum similique nulla magni natus natus ea doloribus vero dolor perspiciatis facilis voluptas animi occaecati quisquam officiis officia aperiam reiciendis nulla assumenda molestias ex praesentium dicta cumque quidem culpa consectetur recusandae corporis in adipisci facere quas id similique saepe delectus quos vero voluptates sapiente ea nihil dolorem vel a dolore dignissimos fugit quae voluptates perferendis voluptatibus velit nam voluptate libero nesciunt deleniti veritatis nisi voluptate","Director"
90,90,"nesciunt voluptatem earum officiis vitae recusandae sed recusandae a error provident labore illo atque sed libero vel adipisci blanditiis fuga vel voluptate quo aliquam aliquam optio voluptatibus enim provident saepe aut amet eveniet illo reprehenderit temporibus amet eligendi vitae inventore laborum ipsum quisquam nemo nam quidem sint asperiores odio quis amet deserunt natus sint molestias cupiditate optio esse maiores ducimus sit ad occaecati vitae voluptates atque ut enim aliquid maxime voluptatem modi harum animi repellendus vitae minima minus tempora in vel tenetur culpa nesciunt cum eveniet commodi similique at esse deserunt tenetur delectus fugit nemo rerum repellat rem dolore neque","optio autem alias doloremque quod inventore deleniti quasi officiis in mollitia amet deleniti hic inventore odit occaecati molestiae rem aperiam qui dolore impedit suscipit aliquid officia neque assumenda impedit maiores quis amet aspernatur ipsum autem facilis unde libero tempore consectetur id accusantium neque aut nihil consequuntur officiis placeat repellendus velit explicabo similique quidem fuga nemo quam corrupti perspiciatis minima est pariatur expedita rerum excepturi corporis nisi maxime praesentium hic nam aut laborum magnam minus libero expedita voluptate perferendis neque expedita totam velit possimus quae tenetur enim eius autem quia soluta similique mollitia iure at unde unde nostrum aperiam omnis nostrum","Costume Designer"
91,91,"porro expedita enim natus eaque explicabo nihil maiores aperiam voluptas illum vitae ipsam magnam minus ipsum eum numquam tenetur modi temporibus nemo saepe facere unde laborum ad dicta vel inventore aut perspiciatis iusto mollitia repudiandae dolorem nostrum ratione eos temporibus facilis veniam cupiditate non eos atque eligendi impedit repellendus culpa corporis debitis recusandae distinctio officiis tempore suscipit itaque totam temporibus deleniti dignissimos molestias vitae accusamus sint sunt repudiandae vero tempore culpa cum consequatur officiis neque veniam quisquam quasi ipsa et tempore nobis veniam quisquam ut occaecati ipsam consequatur accusamus nostrum nostrum similique ad repellat enim animi error repudiandae quis debitis","labore atque aperiam quos quasi veritatis esse voluptate cum ab similique perferendis maiores officiis rerum dolore cupiditate ab provident provident quibusdam rerum praesentium ullam reprehenderit eveniet laborum modi modi dolorum nulla optio quas esse repudiandae quisquam nemo temporibus distinctio animi iure libero saepe sequi maiores eius dolor iure temporibus et ipsam quasi architecto nemo aspernatur corporis ducimus qui minus impedit autem nemo earum ipsum dolores alias rerum ullam et incidunt eius inventore ullam odio repellat officia quas asperiores quod culpa facilis magni labore culpa similique mollitia autem officia facilis eum minus nostrum totam quos illo doloribus voluptas unde nobis earum","Actor"
92,92,"perferendis perspiciatis cupiditate illo fuga in alias deleniti facere dolores enim ullam modi dolorum quasi repudiandae quidem molestias commodi enim aliquid distinctio dolorum consectetur reprehenderit blanditiis quidem suscipit tempore sunt voluptate labore vel exercitationem natus amet soluta commodi molestias laudantium ad quis perferendis iusto quam dolore mollitia error accusamus voluptates veritatis incidunt dolore maxime accusamus perferendis a accusamus illo occaecati deserunt minus ipsam error velit delectus repudiandae laboriosam quisquam doloremque tempore facilis culpa laboriosam cum in beatae mollitia libero et est velit facilis minima nisi deleniti beatae nisi adipisci ad nam asperiores quasi perspiciatis magni alias ipsam minus unde illo","distinctio esse officia dicta beatae incidunt tenetur natus doloribus explicabo repudiandae inventore ratione occaecati voluptates saepe repellat nostrum reiciendis voluptatem recusandae amet atque tempore quisquam dolorum sit iure fugit in ullam odio repudiandae similique doloremque perferendis illo dolorem repudiandae sit dolor suscipit enim aspernatur ducimus fugiat pariatur accusantium hic distinctio optio voluptate nostrum quas animi nisi nihil earum ducimus dolorum ipsa a ipsum beatae sit reiciendis perferendis maiores quasi corporis voluptatem vero ullam ea doloribus qui in ratione ullam autem nemo culpa eaque minus ipsa ut quisquam esse deleniti enim sint modi tempore iure eum facere reprehenderit facere tempora pariatur","Actor"
93,93,"ullam quam nemo debitis enim nisi soluta ab fugiat repellat ipsam vel a sequi error non laboriosam ex dolor eveniet alias non blanditiis qui non perspiciatis iusto perspiciatis quidem rerum deserunt quasi a dolore quaerat error fuga esse dignissimos hic repudiandae iste nulla aliquam nulla ab voluptatum rem quisquam error maiores facilis nostrum qui vel praesentium fugiat ipsum laboriosam voluptates perspiciatis dolores excepturi quis fugit eaque adipisci tempora eveniet sunt deleniti ipsum sequi atque blanditiis delectus nihil eius soluta vero facere deleniti voluptatum nihil deserunt aliquid ducimus quod facere voluptas laboriosam ut odio vel earum ea modi delectus magnam deleniti","in culpa temporibus corporis corporis necessitatibus assumenda pariatur ea optio nihil rem dolor cupiditate laborum quos odit veniam perferendis dicta molestiae iste temporibus cum maiores excepturi quibusdam quae vel quae nulla eum suscipit optio minima et qui esse quasi quibusdam inventore laudantium deleniti magnam id eveniet natus dolorum dolorem dicta voluptatem hic doloribus est totam ducimus et nisi dicta atque saepe neque suscipit iste modi assumenda laboriosam totam cum error iure quo eligendi ex atque provident alias sit quis nisi laborum suscipit inventore fugiat adipisci optio repellendus quae exercitationem placeat asperiores ut quos perferendis delectus porro a ducimus mollitia eveniet","Actress"
94,94,"earum dolor tenetur quia voluptas quia nobis commodi dicta fuga sunt iure tempore quam exercitationem delectus praesentium est autem modi dolorum illum blanditiis laboriosam illo perspiciatis error sapiente doloremque explicabo distinctio dolore ut laudantium totam facilis corrupti quidem quis laudantium hic repudiandae officiis quo ratione sed dolor eaque nesciunt adipisci explicabo qui reprehenderit libero quam ratione amet iste quibusdam voluptatum quia veritatis veritatis quibusdam qui aut culpa minima minus natus natus iure quidem consectetur occaecati nulla aliquid iste facilis corporis pariatur qui ipsa dicta non est minima eligendi minima cupiditate blanditiis aut totam nihil maxime sed perferendis ad quos repellat","odio similique non fuga adipisci quam eius tempore autem veritatis natus omnis impedit expedita eaque eveniet exercitationem vero nostrum suscipit saepe ad nam earum velit occaecati quaerat ea fuga aperiam laborum provident magni minus excepturi quae pariatur in ipsa dicta minima perferendis assumenda maxime fugit officia reprehenderit architecto repudiandae officiis quis at eos quam sint non odio tempora quos itaque laboriosam neque saepe voluptate quidem harum provident itaque unde quod sequi quod velit id voluptatem at possimus iusto fugit voluptatibus vel pariatur eaque voluptatibus voluptate quidem quidem tempore eaque atque saepe explicabo nobis ipsum commodi explicabo consectetur enim ratione id","Director"
95,95,"laudantium molestias porro dolorum ad similique iusto optio est saepe harum impedit fugiat optio atque ad doloribus facere officiis reiciendis doloremque amet doloribus tempore distinctio debitis libero nulla perferendis consequatur sit ad veritatis fugit incidunt omnis nihil animi laboriosam architecto eaque minus et labore beatae illo iure quas expedita reprehenderit dolor fugit sed vitae voluptatem consequuntur veniam ex nam occaecati odit aut delectus suscipit earum quibusdam exercitationem eligendi enim recusandae reiciendis sed totam unde iure repudiandae aspernatur quo numquam animi inventore excepturi reprehenderit dicta minima perferendis velit provident velit nisi et rerum autem iusto ut consequuntur suscipit dolores laboriosam corrupti","ea totam alias ea a repellendus totam voluptate mollitia minima laudantium optio eligendi a dicta sed ratione alias laboriosam hic debitis deleniti voluptate necessitatibus sequi maiores deserunt dolore soluta architecto atque tempora voluptates iste recusandae quod laborum expedita nesciunt incidunt voluptates necessitatibus ducimus ullam veniam perspiciatis aliquid quisquam possimus quia blanditiis corrupti eligendi totam labore laudantium cumque asperiores perferendis facilis sit pariatur delectus et sunt culpa facere ut laborum est culpa totam deserunt modi eveniet in sapiente distinctio pariatur est animi eius saepe ab cumque odio reiciendis molestias nulla iure facere reiciendis quaerat cupiditate iure culpa quidem omnis aspernatur provident","Actor"
96,96,"fuga beatae laborum porro consequuntur hic quae quis repudiandae impedit autem nobis sapiente cum sed placeat eius praesentium eaque sequi est aperiam at soluta iure in ratione hic distinctio iste vitae veniam rem facilis omnis eligendi explicabo numquam hic at aliquid deserunt minus fugit voluptas ea distinctio veritatis explicabo harum a tempore labore officiis repellendus tempora similique dolores eligendi sapiente debitis voluptatibus dolorum consequatur amet amet sunt nobis quam ex est quasi eum ad occaecati architecto voluptate accusamus maxime perspiciatis non rerum eum animi voluptatibus adipisci vel est perferendis eos ipsa reiciendis laborum laboriosam sit officia voluptatum nemo est assumenda","illo debitis cumque vel excepturi sapiente tenetur est eligendi pariatur quo quae nobis doloremque accusantium itaque ipsam suscipit corrupti repudiandae mollitia non quasi quam voluptates molestias animi modi sed accusantium explicabo dignissimos veritatis sapiente unde vel sed totam maiores adipisci assumenda optio ex molestiae neque commodi ipsam perferendis rem ea labore quis expedita corrupti ut reprehenderit nisi quibusdam voluptatum placeat pariatur nihil fugiat nemo animi excepturi assumenda et dicta molestiae harum suscipit eum esse odio velit repellat officia cum totam voluptates pariatur tenetur numquam in laborum ratione repellendus inventore necessitatibus quod consequuntur quis tempore ea odio ex sint fuga quasi","Screenwriter"
97,97,"natus corporis accusamus eligendi odio quia soluta mollitia in veritatis corporis adipisci dolor nemo laborum mollitia perferendis ea maiores deserunt ullam nostrum quaerat enim possimus velit perferendis earum cupiditate quae exercitationem deleniti nulla ullam cum eveniet sunt sed accusamus illum quae tempora eveniet sequi ducimus eaque maiores odio quidem quam ab dolore dolorum ipsum at dignissimos fuga quam fugiat reprehenderit officia itaque alias qui voluptas quod culpa officia consequuntur dolorum mollitia harum ducimus aspernatur ipsam rerum quae dolor rem et repellendus quam eveniet repellendus nemo cumque quae repellendus repellendus doloribus assumenda atque delectus fuga aut quasi natus accusamus magni nulla","praesentium ex error unde dolorum quas eaque quod ut labore aliquam exercitationem similique illo amet unde reprehenderit necessitatibus similique maiores inventore id magnam excepturi sint eaque excepturi autem architecto placeat blanditiis natus sint necessitatibus et sunt dicta vero ipsa est laborum dignissimos soluta est nulla quisquam amet doloribus debitis illum doloribus quaerat mollitia nostrum quod illo magnam sit distinctio ipsum eos qui voluptate veritatis esse atque veniam accusantium dolorem delectus aperiam distinctio ullam ut animi laudantium cupiditate nulla placeat molestiae cum unde maiores tempora doloribus id nemo pariatur placeat consectetur beatae sequi error ipsam cupiditate sed sunt aspernatur id ea","Cinematographer"
98,98,"id repellat possimus laboriosam odio dignissimos quia explicabo pariatur deleniti ratione dicta inventore est numquam pariatur alias id explicabo aspernatur soluta fuga nisi dignissimos cum quia modi tempore sequi consequuntur voluptate necessitatibus architecto voluptatibus omnis beatae quod at dolore saepe recusandae sed molestias earum suscipit modi alias maiores quisquam possimus est deleniti ea mollitia nesciunt culpa impedit dignissimos cum earum eius ex ad architecto neque iste sequi voluptatibus sint consequuntur reiciendis nihil vero ex enim amet tempora ab occaecati consequuntur tempore repellendus fugit impedit iure numquam expedita debitis quam magni totam dolores laudantium quod tempora exercitationem non sapiente quas fugiat","eius optio odit id maiores ad id quis ipsum omnis quam perferendis blanditiis voluptate vitae quidem nobis ipsam voluptatum quos voluptas illum repudiandae dolor unde iste dolorem iure ipsam quos maxime vitae explicabo reiciendis molestias saepe nihil hic vel alias laborum laboriosam fugiat amet reiciendis molestias consequuntur magnam laudantium voluptatum quasi pariatur nobis est iste laboriosam nam deleniti voluptas perspiciatis distinctio tempore doloremque eveniet culpa dignissimos eum odit sint temporibus necessitatibus quo quasi commodi tempora neque et beatae ex fugiat nihil corrupti minus odio nemo minima eligendi sed quisquam doloremque explicabo dignissimos porro ducimus nesciunt odio eius officiis cumque quaerat","Producer"
99,99,"inventore porro similique voluptate incidunt asperiores ipsam consequuntur temporibus impedit optio sed iste iure aliquid dolor reprehenderit sunt voluptas aliquid nisi dolore tenetur esse fugit qui deserunt quia sed vitae officia molestias doloribus fuga accusantium delectus voluptate suscipit modi iure pariatur laudantium eveniet enim eveniet sunt hic repudiandae eum ea eaque assumenda eaque ab impedit odit vero repellat molestias numquam temporibus nihil doloribus facere ex eveniet eveniet a nostrum hic ab dolor dignissimos ad tempora eos est blanditiis eaque nobis dignissimos assumenda voluptas cumque ad blanditiis cum numquam excepturi maiores numquam at nesciunt dicta fugit atque temporibus laborum consectetur inventore","adipisci assumenda cum eum nostrum blanditiis magni rerum molestias nam corrupti incidunt architecto officiis soluta quidem nostrum officiis odio nostrum ducimus cumque deserunt earum vitae eligendi occaecati dolor ipsum odit similique cum tempora animi soluta cumque repellendus ratione assumenda corrupti iure harum eum nam tenetur eveniet accusamus dolor cum quae dolorum labore vitae sapiente quas dolorem cumque unde aliquid dolor odio nostrum fugit sed ex totam at commodi doloremque earum nisi nobis molestias repellendus ad iusto consectetur vel debitis est eos nulla eveniet iste mollitia amet ratione itaque inventore recusandae maiores nisi molestias sit quidem excepturi cumque accusamus quos porro","Actor"